INSERT INTO `countries` (`code`, `name`, `continent_name`) VALUES
  (1, 'China', 'Asia'),
  (2, 'South Korea', 'Asia'),
  (3, 'China', 'Asia'),
  (4, 'China', 'Asia'),
  (5, 'China', 'Asia'),
  (6, 'China', 'Asia'),
  (7, 'Finland', 'Europe'),
  (8, 'Japan', 'Asia'),
  (9, 'South Korea', 'Asia'),
  (10, 'Taiwan', 'Asia'),
  (11, 'USA', 'North America'),
  (12, 'Canada', 'North America'),
  (13, 'China', 'Asia'),
  (14, 'Taiwan', 'Asia'),
  (15, 'China', 'Asia'),
  (16, 'China', 'Asia'),
  (17, 'China', 'Asia'),
  (18, 'USA', 'North America'),
  (19, 'USA', 'North America')
  ;

INSERT INTO `brands` (`id`, `country_code`, `brand_name`, `created at`) VALUES
  (1, 1, 'Apple', '2019-01-01 00:00:00'),
  (2, 2, 'Samsung', '2019-01-01 00:00:00'),
  (3, 3, 'Huawei', '2019-01-01 00:00:00'),
  (4, 4, 'Xiaomi', '2019-01-01 00:00:00'),
  (5, 5, 'Oppo', '2019-01-01 00:00:00'),
  (6, 6, 'Vivo', '2019-01-01 00:00:00'),
  (7, 7, 'Nokia', '2019-01-01 00:00:00'),
  (8, 8, 'Sony', '2019-01-01 00:00:00'),
  (9, 9, 'LG', '2019-01-01 00:00:00'),
  (10, 10, 'HTC', '2019-01-01 00:00:00'),
  (11, 11, 'Motorola', '2019-01-01 00:00:00'),
  (12, 12, 'BlackBerry', '2019-01-01 00:00:00'),
  (13, 13, 'Lenovo', '2019-01-01 00:00:00'),
  (14, 14, 'Asus', '2019-01-01 00:00:00'),
  (15, 15, 'Meizu', '2019-01-01 00:00:00'),
  (16, 16, 'ZTE', '2019-01-01 00:00:00'),
  (17, 17, 'OnePlus', '2019-01-01 00:00:00'),
  (18, 18, 'Google', '2019-01-01 00:00:00'),
  (19, 19, 'Microsoft', '2019-01-01 00:00:00')
;

INSERT INTO `accounts` (`account_id`, `username`, `password_hash`) VALUES
    (1, 'admin', 'admin'),
    (2, 'user', 'user')
    ;

INSERT INTO `users` (`id`, `full_name`, `role`, `created_at`, `account_id`) VALUES
    (1, 'Admin', 'admin', '2019-01-01 00:00:00', 1),
    (2, 'User', 'customer', '2019-01-01 00:00:00', 2)
    ;

INSERT INTO `orders` (`id`, `user_id`, `status`) VALUES
  (1, 1, 'pending'),
    (2, 1, 'pending'),
    (3, 1, 'pending'),
    (4, 1, 'pending'),
    (5, 1, 'pending'),
    (6, 1, 'pending'),
    (7, 1, 'pending'),
    (8, 1, 'pending'),
    (9, 1, 'pending'),
    (10, 2, 'processed');

INSERT INTO `products` (`id`, `name`, `brand_id`, `price`, `status`) VALUES
  (1, 'Sony Headphones', 1, 100, 1),
  (2, 'Apple Headphones', 2, 200, 1),
  (3, 'Samsung Headphones', 3, 300, 1),
  (4, 'Huawei Headphones', 4, 400, 1),
  (5, 'Xiaomi Headphones', 5, 500, 1),
  (6, 'LG Headphones', 6, 600, 1),
  (7, 'Nokia Headphones', 7, 700, 1),
  (8, 'HTC Headphones', 8, 800, 1),
  (9, 'Motorola Headphones', 9, 900, 1),
  (10, 'OnePlus Headphones', 10, 1000, 1),
  (11, 'Sony Headphones', 1, 1100, 1),
  (12, 'Apple Headphones', 2, 1200, 1),
  (13, 'Samsung Headphones', 3, 1300, 1),
  (14, 'Huawei Headphones', 4, 1400, 1),
  (15, 'Xiaomi Headphones', 5, 1500, 1),
  (16, 'LG Headphones', 6, 1600, 1),
  (17, 'Nokia Headphones', 7, 1700, 1),
  (18, 'HTC Headphones', 8, 1800, 1),
  (19, 'Motorola Headphones', 9, 1900, 1),
  (20, 'OnePlus Headphones', 10, 2000, 1);

INSERT INTO `order_items` (`order_id`, `product_id`, `quantity`) VALUES
    (1, 1, 1),
    (1, 2, 1),
    (1, 3, 1),
    (2, 4, 1),
    (2, 5, 1),
    (2, 6, 1),
    (3, 7, 1),
    (3, 8, 1),
    (3, 9, 1),
    (4, 10, 1),
    (4, 11, 1),
    (4, 12, 1),
    (5, 13, 1),
    (5, 14, 1),
    (5, 15, 1),
    (6, 16, 1),
    (6, 17, 1),
    (6, 18, 1),
    (7, 19, 1),
    (7, 20, 1);

INSERT INTO `colors` (`id`, `color`) VALUES
  (1, 'Black'),
  (2, 'White'),
  (3, 'Red'),
  (4, 'Blue'),
  (5, 'Green'),
  (6, 'Yellow'),
  (7, 'Orange'),
  (8, 'Purple'),
  (9, 'Brown'),
  (10, 'Grey'),
  (11, 'Pink'),
  (12, 'Gold'),
  (13, 'Silver'),
  (14, 'Rose Gold'),
  (15, 'Space Grey'),
  (16, 'Midnight Black'),
  (17, 'Coral Blue'),
  (18, 'Lavender Violet'),
  (19, 'Ceramic White'),
  (20, 'Ceramic Black'),
  (21, 'Ceramic Pink'),
  (22, 'Ceramic Green'),
  (23, 'Ceramic Orange'),
  (24, 'Ceramic Yellow'),
  (25, 'Ceramic Blue'),
  (26, 'Ceramic Purple'),
  (27, 'Ceramic Red'),
  (28, 'Ceramic Brown'),
  (29, 'Ceramic Grey'),
  (30, 'Ceramic Gold'),
  (31, 'Ceramic Silver'),
  (32, 'Ceramic Rose Gold'),
  (33, 'Ceramic Space Grey'),
  (34, 'Ceramic Midnight Black'),
  (35, 'Ceramic Coral Blue'),
  (36, 'Ceramic Lavender Violet'),
  (37, 'Ceramic Black'),
  (38, 'Ceramic White'),
  (39, 'Ceramic Pink'),
  (40, 'Ceramic Green'),
  (41, 'Ceramic Orange'),
  (42, 'Ceramic Yellow'),
  (43, 'Ceramic Blue'),
  (44, 'Ceramic Purple'),
  (45, 'Ceramic Red'),
  (46, 'Ceramic Brown'),
  (47, 'Ceramic Grey'),
  (48, 'Ceramic Gold'),
  (49, 'Ceramic Silver'),
  (50, 'Ceramic Rose Gold'),
  (51, 'Ceramic Space Grey'),
  (52, 'Ceramic Midnight Black')
  ;

INSERT INTO `product_tags` (`id`, `name`) VALUES 
    (1, 'Wireless'),
    (2, 'Bluetooth'),
    (3, 'Noise Cancelling'),
    (4, 'Waterproof');

INSERT INTO `product_tags_products` (`products_id`, `product_tags_id`) VALUES 
    (1, 1),
    (1, 2),
    (1, 3),
    (1, 4),
    (2, 1),
    (2, 2),
    (2, 3),
    (2, 4),
    (3, 1),
    (3, 2),
    (3, 3),
    (3, 4),
    (4, 1),
    (4, 2),
    (4, 3),
    (4, 4),
    (5, 1),
    (5, 2),
    (5, 3),
    (5, 4),
    (6, 1),
    (6, 2),
    (6, 3),
    (6, 4),
    (7, 1),
    (7, 2),
    (7, 3),
    (7, 4),
    (8, 1),
    (8, 2),
    (8, 3),
    (8, 4),
    (9, 1),
    (9, 2),
    (9, 3),
    (9, 4),
    (10, 1),
    (10, 2),
    (10, 3),
    (10, 4),
    (11, 1),
    (11, 2),
    (11, 3),
    (11, 4),
    (12, 1),
    (12, 2),
    (12, 3),
    (12, 4),
    (13, 1),
    (13, 2),
    (13, 3),
    (13, 4),
    (14, 1),
    (14, 2),
    (14, 3),
    (14, 4),
    (15, 1),
    (15, 2),
    (15, 3),
    (15, 4),
    (16, 1),
    (16, 2),
    (16, 3),
    (16, 4),
    (17, 1),
    (17, 2),
    (17, 3),
    (17, 4);
